DATE,AUS CMCI,AUT CMCI,BEL CMCI,DEU CMCI,DNK CMCI,ESP CMCI,GBR CMCI,IRL CMCI,NLD CMCI,POL CMCI,PRT CMCI,SVN CMCI,SWE CMCI,USA CMCI,AUS CCI,AUT CCI,BEL CCI,DEU CCI,DNK CCI,ESP CCI,GBR CCI,IRL CCI,NLD CCI,OECD CCI,POL CCI,PRT CCI,SVN CCI,SWE CCI,USA CCI
1995-01-31 00:00:00,,,,,,,,,,,,,,,-0.030362504,0.838013545,0.201795848,-0.176042555,0.648793748,-0.382671476,-0.591888621,1.05734932,0.518253539,0.394826008,,-0.204716241,,,0.455904713
1995-04-30 00:00:00,,,,,,,,,,,,,,,0.18958387,0.487394304,0.212257881,-0.041642119,0.567327249,-0.4380384,-0.557796693,0.920006908,0.515017083,0.356336639,,-0.270408778,,,0.357804334
1995-07-31 00:00:00,,,,,,,,,,,,,,,0.010186342,0.027943574,-0.103616495,-0.094178085,0.582945033,-0.375729089,0.132174403,1.17246932,0.576660286,0.404243719,,0.200535136,,,0.412485393
1995-10-31 00:00:00,,,,,,,,,,,,,,,0.075084819,-0.391431547,-0.817687901,-0.467930461,0.598807432,-0.172803276,0.489144249,1.428243454,0.589756644,0.247426119,,0.803814362,,-1.350167763,0.202190997
1996-01-31 00:00:00,,,,,,,,,,,,,,,0.515487498,-0.619932892,-0.952958605,-0.988728974,0.412730009,0.263081536,0.652246595,1.330114851,0.248009434,0.257756436,,0.497348289,0.49589941,-1.710097461,0.260221412
1996-04-30 00:00:00,,,,,,,,,,,,,,,0.554023908,-0.788140184,-0.777377085,-1.043028056,0.241668238,0.292473076,0.565577305,1.237612412,0.25668389,0.313641758,,-0.049484881,0.646582797,-1.676957653,0.357522085
1996-07-31 00:00:00,,,,,,,,,,,,,,,0.165667963,-0.763411399,-0.54583874,-0.973651227,0.248498666,0.042776705,0.712779619,1.262713765,0.514565484,0.363882098,,-0.083386761,1.147198617,-1.443396523,0.54713703
1996-10-31 00:00:00,,,,,,,,,,,,,,,0.208042962,-0.824523974,-0.420958566,-1.050575397,0.470177109,0.406275913,1.107759009,1.389236629,0.687508916,0.371992055,,0.025277261,1.172318787,-1.389517051,0.715150511
1997-01-31 00:00:00,,,,,,,,,,,,,,0.805863581,0.271417293,-0.936610737,-0.696932328,-1.167528134,0.622102391,0.897859762,1.35529147,1.601732568,0.815311309,0.426390865,,0.250060444,1.046717937,-1.271196347,0.838643901
1997-04-30 00:00:00,,,,,,,,,,,,,,1.164535043,0.015454992,-0.826097043,-0.641921978,-1.01720979,0.533306824,1.185979643,1.579058557,1.763668285,0.904238592,0.664684372,,0.572878148,0.752877808,-0.692726816,1.106178415
1997-07-31 00:00:00,,,,,,,,,,,,,,0.984286594,-0.019526961,-0.647779588,-0.32049294,-0.849224534,0.58273805,1.49658537,1.589445324,1.928012527,0.999055473,0.821558422,,1.06566626,0.762869426,-0.347968949,1.27278065
1997-10-31 00:00:00,,,,,,,,,,,,,,1.10538749,0.148657751,-0.422002888,-0.174173125,-0.656544363,0.513191872,1.44307094,1.575972633,2.090211677,1.05225002,0.760705516,,1.394636995,0.669444974,0.102876947,1.260606305
1998-01-31 00:00:00,,,,,,,,,,,,,,1.286751771,0.241385989,-0.170853875,0.275293514,-0.606702936,0.557034565,1.643223186,1.414281532,1.857412619,1.081622743,0.806862652,,1.328101474,0.598148851,-0.030203504,1.394430012
1998-04-30 00:00:00,,,,,,,,,,,,,,1.413654174,-0.034518152,-0.014971461,0.539290505,-0.274375319,0.322730179,1.704602956,1.337114628,1.706842133,1.13464794,0.815687641,,1.35235608,0.593087184,-0.064267207,1.356175851
1998-07-31 00:00:00,,,,,,,,,,,,,,1.477434561,-0.136238846,-0.047665315,0.307507544,0.195774534,-0.153898231,1.821435267,0.665342953,1.765662845,0.900098938,0.71560211,,1.281455106,0.426748381,0.025465427,1.097880291
1998-10-31 00:00:00,,,,,,,,,,,,,,1.332675495,0.130706708,0.015624342,0.25235607,0.376244609,-0.2743772,2.085827408,0.689691642,1.873952416,0.549602006,0.747364542,,1.185509228,0.38826842,0.053219922,0.956191243
1999-01-31 00:00:00,,,,,,,,,,,,,,1.013102804,0.77837431,0.089404257,0.515017083,0.217394815,-0.373548244,1.982147905,1.130959886,1.808395359,0.471531905,0.935173093,,1.313236354,0.576961352,-0.007576534,1.248187345
1999-04-30 00:00:00,,,,,,,,,,,,,,0.718917103,0.759162554,0.257530637,0.2535227,-0.074806388,-0.084967356,1.83007209,1.375632222,1.913147408,0.578165615,0.949567797,,1.284277597,0.462989165,0.267804504,1.316491627
1999-07-31 00:00:00,,,,,,,,,,,,,,0.575667515,0.595947308,0.438170061,0.276685943,-0.058097242,0.39985945,2.006063812,1.420152313,2.076023956,0.906176702,1.018267228,,1.363758943,0.581345621,0.714999978,1.272366685
1999-10-31 00:00:00,,,,,,,,,,,,,,0.618695023,0.599164948,0.460975788,0.935568242,0.123895097,0.087353246,2.112245923,1.591477517,2.17919541,1.209989634,1.152373184,,1.32823319,0.733778952,0.922095551,1.320499565
2000-01-31 00:00:00,,,,,,,,,,,,,,0.67176851,0.214271258,0.111984185,1.218118408,0.320773252,-0.000616271,2.193345498,1.537417406,2.010673881,1.242730529,1.273081716,,1.141346652,0.922735316,1.062354538,1.538734569
2000-04-30 00:00:00,,,,,,,,,,,,,,0.719213349,-0.149978732,0.068066225,1.089168202,0.415194984,0.259035966,2.084077463,1.203422638,1.909290004,1.198492687,1.23524152,,0.688637913,0.59427263,1.006563299,1.479857406
2000-07-31 00:00:00,,,,,,,,,,,,,,0.741588289,0.272508656,0.013712575,1.267530817,0.324875272,0.352855566,1.798140308,1.127516446,1.811970514,1.123508509,1.169872628,,0.507471624,0.552142248,0.876164215,1.396838538
2000-10-31 00:00:00,,,,,,,,,,,,,,0.651307873,-0.09631377,-0.006471999,1.49746975,0.200478686,0.350352958,1.594525807,1.357267214,1.674025971,1.108511674,0.965110314,,0.308090859,0.619806765,0.552951362,1.116320566
2001-01-31 00:00:00,,,,,,,,,,,,,,0.341774277,-0.245305543,-0.064148662,1.158789647,0.298739006,0.059692835,1.650956811,1.552564775,1.487892097,0.642029178,0.661504366,,0.361323039,0.667224614,-0.064728214,0.400066433
2001-04-30 00:00:00,,,,,,,,,,,,,,0.459268968,-0.256347128,-0.075914686,0.869992368,0.002813996,0.000397944,1.366148652,1.546938609,1.318354471,0.280618613,0.528734389,-1.407131277,0.314695488,0.268444269,-0.356310351,0.308467191
2001-07-31 00:00:00,,,,,,,,,,,,,,0.142036073,0.238977463,-0.269102905,0.601027792,-0.397607157,0.435140587,1.266533537,1.368575995,0.921719219,0.115408807,0.328111729,-1.632936202,0.264718581,0.123518764,-0.559063051,0.11752003
2001-10-31 00:00:00,,,,,,,,,,,,,,0.128137368,0.203564609,-0.207580128,0.22219305,-0.578207066,0.428837024,1.215973314,1.192038591,0.88378494,0.268519535,0.177635325,-1.369462312,0.128467532,0.225730572,-0.327571747,-0.068282671
2002-01-31 00:00:00,,,,,,,,,,,,,,0.138635697,0.778919991,-0.070809741,0.880586117,-0.783789784,0.533871323,0.976513178,1.528216086,1.1315432,0.627258142,0.423530741,-1.444457779,0.285642647,-0.158113151,0.641841012,0.402474958
2002-04-30 00:00:00,,,,,,,,,,,,,,0.168440422,0.620916945,-0.157392475,0.869691302,-0.850835236,0.351707753,0.772861044,1.549986899,1.106836996,0.20123135,0.480808492,-1.399089059,-0.015116349,-0.332162999,0.803607379,0.484741163
2002-07-31 00:00:00,,,,,,,,,,,,,,-0.164968554,0.327980012,-0.369681431,0.539158789,-0.89057779,0.258772533,0.550618103,1.611404304,0.553892192,-0.24585687,0.262008989,-1.089845655,-0.452971259,0.057340759,0.665098338,0.046304819
2002-10-31 00:00:00,,,,,,,,,,,,,,-0.067711541,0.240068826,-0.332354929,0.392520973,-1.575154166,0.324480124,0.333756711,1.399058897,0.08677934,-0.402465605,0.015874603,-1.150738076,-0.811120906,0.22951271,0.30276576,-0.194814942
2003-01-31 00:00:00,,,,,,,,,,,,,,-0.229846083,0.203733959,-0.558018729,0.004991077,-1.775144588,0.070220726,-0.040817952,0.582643967,-0.133606402,-0.77824453,-0.240098988,-1.270532121,-1.06832322,0.169995783,-0.084504467,-0.337789165
2003-04-30 00:00:00,,,,,,,,,,,,,,-0.214055186,0.534642804,-0.820416309,0.245111677,-1.367996498,0.159289134,0.390300614,0.643816755,0.035061896,-0.771715168,-0.001047172,-1.019810245,-0.939709832,-0.021670173,-0.090759107,0.099762798
2003-07-31 00:00:00,,,,,,,,,,,,,,-0.246791006,0.795760854,-0.694535092,0.353984563,-1.065549653,0.35699522,0.586444922,0.686568086,0.060972364,-0.667676268,0.150633495,-1.000103613,-0.562182844,-0.066826265,0.394365001,0.200158803
2003-10-31 00:00:00,,,,,,,,,,,,,,-0.189593058,0.792881913,-0.533741543,0.656254532,-1.065794268,0.523390473,0.514339685,0.651324581,0.448594461,-0.444040898,0.267127107,-1.388307143,-0.191437361,0.096460484,0.203508159,0.421084582
2004-01-31 00:00:00,,,,,,,,,,,,,,-0.158874208,0.963887235,-0.455330862,0.869484319,-1.080941637,0.67589907,0.568362163,0.715376311,0.708414166,-0.258443298,0.415270251,-1.387345615,-0.222304123,0.1020302,0.298701373,0.673942143
2004-04-30 00:00:00,,,,,,,,,,,,,,-0.039748414,0.889185306,-0.485079917,0.820090727,-1.09558472,0.851363927,0.613352669,0.551822365,0.881451681,-0.231605172,0.373064602,-0.822265982,-0.179763539,0.428159626,0.188944106,0.488956083
2004-07-31 00:00:00,,,,,,,,,,,,,,0.308980784,1.050293093,-0.595936073,0.674186759,-1.046738691,0.825773342,0.411789179,0.440089355,1.055731092,-0.184215548,0.41244776,-0.345902886,-0.040033299,0.67467599,0.366742222,0.557467347
2004-10-31 00:00:00,,,,,,,,,,,,,,0.627051793,1.128062128,-0.613055422,0.515035899,-0.976624251,0.911878134,0.512533291,0.659509805,1.226077832,-0.422966298,0.442893029,-0.238941767,-0.225973361,1.236746848,0.410058051,0.507339907
2005-01-31 00:00:00,,,,,,,,,,,,,,0.49755763,0.949229098,-0.392748709,0.634803601,-0.777384611,1.024344992,0.429627322,0.875806699,1.26346643,-0.323592035,0.501149244,-0.215761589,-0.122346545,1.380863239,0.380384262,0.460336024
2005-04-30 00:00:00,,,,,,,,,,,,,,0.288775893,0.529298887,-0.45057026,0.272414573,-0.810691887,0.780350053,0.388531853,0.777828628,1.08235659,-0.309844622,0.349242778,-0.208321503,-0.266587125,1.130075505,0.144386381,0.310668734
2005-07-31 00:00:00,,,,,,,,,,,,,,0.25735063,0.345140758,-0.687379137,0.06127343,-0.75680677,0.861374362,0.409606452,0.675391021,0.730410779,-0.434275079,0.206594083,-0.126648021,-0.822454148,0.638284673,0.259920346,0.006455009
2005-10-31 00:00:00,,,,,,,,,,,,,,0.331272904,0.101672684,-0.50035712,0.443551611,-0.476810018,1.060943292,0.215136822,0.469593794,0.998472158,-0.144898248,0.20966119,0.173759104,-0.662326707,0.40091318,0.50111161,-0.253468187
2006-01-31 00:00:00,,,,,,,,,,,,,,0.48098486,0.528376874,-0.021615605,0.695242541,-0.076200699,1.151978035,0.042739072,0.513605837,1.236408149,0.19496542,0.514603117,0.41777286,-0.442576966,0.757506693,0.76478872,0.140999392
2006-04-30 00:00:00,,,,,,,,,,,,,,0.568995896,0.313604125,0.017694168,0.613390302,0.042870788,0.931089889,-0.010176989,0.502560489,0.839302482,0.441895749,0.366177724,0.263137986,-0.377620158,0.880040436,0.682917664,-0.170193412
2006-07-31 00:00:00,,,,,,,,,,,,,,0.580732289,-0.133476568,0.008831547,0.666170884,-0.130546822,0.840205679,0.063117457,0.45619637,0.56599127,0.602363771,0.31923029,0.431414899,-0.110063064,1.018060245,0.619204634,-0.114272339
2006-10-31 00:00:00,,,,,,,,,,,,,,0.421566871,0.04947918,0.186949545,0.851476827,-0.173094933,1.008030994,0.311534298,0.514885367,0.605317978,0.715338677,0.547870878,0.573517913,0.067275927,1.051798421,0.661598449,0.369357731
2007-01-31 00:00:00,,,,,,,,,,,,,,0.10311578,0.742867373,0.448669728,0.822442803,0.223698378,0.941965888,0.129239013,0.29954812,0.447804164,0.838850884,0.557448531,0.683256363,-0.054687672,1.325203716,0.721096559,0.339175893
2007-04-30 00:00:00,,,,,,,,,,,,,,-0.100083806,1.141722985,0.458285014,0.816722554,0.701790721,0.887548262,0.138496783,0.600670276,0.319512539,0.886155833,0.505157181,0.870274617,-0.089509685,1.342326828,0.829536663,0.065902315
2007-07-31 00:00:00,,,,,,,,,,,,,,-0.183888747,0.928530831,0.246052507,0.497912787,0.460655906,0.844834564,0.008355487,0.695995206,0.339476959,0.669143908,0.376056443,1.00827561,-0.270726779,0.727418939,0.571974951,-0.108307475
2007-10-31 00:00:00,,,,,,,,,,,,,,-0.054597511,0.671439534,-0.227704489,0.063862595,0.025565155,0.609833964,-0.787989651,0.466376155,-0.013974181,0.2638342,-0.012004082,1.282508836,-0.61110414,-0.524041583,0.331310552,-0.55352156
2008-01-31 00:00:00,,,,,,,,,,,,,,-0.067389121,-0.193998302,-0.596677448,-0.132718259,-0.100669814,0.126341255,-1.389910318,-0.141987319,-0.328990519,-0.015596172,-0.45626981,1.172996185,-1.037430116,-0.7741538,-0.137998198,-0.997104246
2008-04-30 00:00:00,,-0.032814858,,,,-1.419494747,-0.188514923,,-1.577285412,,0.590124666,-0.307190783,,0.062687754,-0.936964489,-1.097599979,-0.519096578,-0.331165719,-0.189333665,-2.54862943,-1.515089676,-0.619859507,-0.376239019,-1.159939397,1.226416531,-1.350830108,-0.766534956,-0.715543834,-1.71153505
2008-07-31 00:00:00,,0.045796273,,0.984298466,,-2.061553452,-0.567847299,,-1.806961566,,0.906790803,-0.19863801,,0.109844382,-1.021610994,-1.460568558,-0.638525581,-0.865764331,-0.537826629,-3.453299891,-2.315493555,-1.014106932,-0.625049127,-1.411686777,1.110844933,-1.433237437,-0.820087019,-1.222128282,-1.601755203
2008-10-31 00:00:00,,0.202796563,,1.493789081,,-2.457462354,-0.832924557,,-2.138779597,,1.122970655,0.216107952,,-0.237541893,-0.889674593,-1.401486295,-0.611728851,-1.195150913,-0.19399642,-3.776283181,-2.308742157,-1.531309591,-0.59483342,-1.664580089,0.707153453,-1.544125582,-1.468512929,-1.036929594,-1.822393088
2009-01-31 00:00:00,,0.674928225,,1.617656234,,-2.361530726,-0.948004848,,-2.569123425,,0.883366328,1.336332904,,-0.76823391,-0.846853642,-1.123756944,-0.548704509,-1.474863534,0.057472475,-3.77726729,-2.379740977,-1.966298732,-0.659844796,-1.749843779,-0.522556952,-1.883738989,-2.153747886,-0.650889973,-1.841260499
2009-04-30 00:00:00,,0.889077739,,1.649519242,,-1.768852553,-0.672611816,-1.70618483,-2.472052908,,0.769906409,1.677372178,,-0.855576997,-0.445866108,-0.851892729,-0.239745236,-1.277554478,0.428121993,-2.359646723,-1.442749232,-2.079092999,-0.348006582,-1.159292105,-0.497737848,-1.192996411,-1.642638044,-0.1914129,-1.341013484
2009-07-31 00:00:00,,0.985340578,,1.497038362,,-1.12336172,-0.214890409,-1.967504637,-2.15527745,,0.716683309,1.708157013,,-1.306317988,0.68948466,-0.350497901,0.18958387,-0.542109288,0.605054546,-1.511369633,-0.578479907,-1.858472049,-0.015562302,-0.697013239,-0.123500003,-0.192026321,-0.801528199,0.733873035,-1.183670901
2009-10-31 00:00:00,,0.676392363,,1.240824521,,-0.564780331,0.264029721,-1.909261037,-0.988346761,,0.493170712,1.325300911,,-1.397824692,1.040884789,-0.06998181,0.292153193,-0.232404877,0.618978835,-1.368730346,0.061311063,-1.662363493,0.274578483,-0.496270153,-0.114095463,-0.217716634,-1.079033633,1.074961664,-1.053478799
2010-01-31 00:00:00,,-0.124834306,,0.896039096,,-0.341869961,0.614989796,-1.419367502,0.503772124,0.701485395,0.243728552,0.215871195,,-0.772824026,0.955513845,0.11538999,0.11960491,-0.275214539,0.751993427,-1.446281109,0.222211866,-1.372903869,0.319324373,-0.416331563,0.089234907,-0.699545955,-0.932593392,1.063577617,-0.873701176
2010-04-30 00:00:00,0.455371397,-0.649949425,,0.796688463,,-0.601709744,0.679692817,-1.032433737,0.906373688,0.683890348,0.248792156,-0.269735701,,-0.670295359,0.533626707,-0.011509205,0.132419019,-0.025260381,0.665041888,-2.101161116,-0.129035849,-1.053623687,-0.040721987,-0.451618345,0.166759327,-1.207697826,-1.02971907,1.160031543,-0.894401325
2010-07-31 00:00:00,0.941320835,-0.834408693,,0.766277671,,-0.733457936,0.654396156,-0.918082407,0.736745152,0.294173609,0.218637992,-0.407816644,,-0.43769263,0.749791884,0.215550788,0.405278633,0.60176164,0.601291224,-2.005706352,-0.616929761,-1.22421128,0.027836319,-0.496065052,-0.027561652,-1.442737942,-1.221134765,1.173259617,-1.165968237
2010-10-31 00:00:00,1.573726767,-0.77880566,,0.732493117,,-0.722940061,0.652063115,-0.833139865,0.443613174,0.076082325,0.225127351,-0.412955659,,-0.182502447,0.66020602,0.240972023,0.498966517,0.982948457,0.584826694,-1.860515533,-1.140072823,-2.246485532,0.067708709,-0.420318802,-0.331523235,-2.435859625,-1.183614451,1.097748575,-1.018158147
2011-01-31 00:00:00,1.476394184,-0.726216841,,0.767517479,,-0.629445689,0.674810667,-0.46321913,0.014359992,-0.436654959,0.281169022,-0.27877176,,-0.153585627,0.280035299,0.137951102,0.231582537,0.922754133,0.418977122,-1.933559718,-1.660959774,-2.117335871,0.20644355,-0.496019892,-0.604452469,-2.442215875,-1.524052026,0.999582338,-0.878544571
2011-04-30 00:00:00,1.287646398,-0.060759999,,0.795779943,,-0.620910121,0.50138939,-0.072645879,-0.174662799,-0.724657826,0.385997458,-0.252033133,,-0.402032152,0.019222077,-0.076868688,0.088406976,0.789287942,0.412560659,-1.604137385,-1.601232101,-1.607021971,0.038716081,-0.696862706,-0.798271045,-2.478938364,-1.340307862,0.609344732,-1.076090716
2011-07-31 00:00:00,1.144861616,-0.359584209,,0.856376454,,-0.665015893,0.395365582,-0.173717361,-0.302740417,-0.918994019,0.54498321,-0.178590277,,-0.048709058,-0.42965372,-0.380751241,-0.041169822,0.513850453,0.076136667,-1.647398646,-1.927058581,-1.561848943,-0.557254775,-0.99322238,-0.444703242,-2.561155646,-1.14624467,-0.162079692,-1.718122744
2011-10-31 00:00:00,1.1019871,-0.351492738,,0.901567761,,-0.897990864,0.448553275,0.20938239,-0.478180774,-1.12882568,0.729908017,-0.08029776,,-0.068051549,-0.217319604,-0.767052413,-0.207999739,0.259280582,-0.430291603,-1.824099754,-2.246293603,-1.54515485,-1.204747382,-0.988745909,-0.725597547,-3.099551449,-1.352314738,-0.503920985,-1.436313952
2012-01-31 00:00:00,1.142460973,-0.053018758,,0.968967642,,-0.825159658,0.618355143,0.483274737,-0.683730964,-1.03712741,0.863214253,0.049433236,,-0.23144239,-0.247700897,-0.686978343,-0.471213959,0.364917011,-0.127848521,-2.511961509,-2.000046316,-1.744684266,-1.174845912,-0.703655501,-0.985851915,-3.053460171,-1.754069989,-0.014916893,-0.763516772
2012-04-30 00:00:00,1.185273567,0.04563997,,0.986053326,,-0.826317209,0.778159144,-0.231490046,-0.812154595,-0.904264085,0.910009544,0.083988762,,-0.257366539,-0.35705737,-0.548580319,-0.105089835,0.372029689,0.091756332,-3.220958077,-2.080460967,-1.333688179,-1.114711801,-0.680257051,-0.988091091,-2.697931678,-2.715786756,0.260240228,-0.707787628
2012-07-31 00:00:00,1.115492025,0.116658659,,0.835144806,,-0.589633062,0.909117915,0.10977827,-0.710019052,-0.546627671,0.82994056,0.060169634,,-0.357884505,-0.236333785,-0.559977538,-0.099505066,0.126811671,0.071998895,-3.859795045,-1.83900627,-1.057991022,-0.869727109,-0.74479613,-0.863649345,-2.836139654,-2.923962402,0.05604994,-0.712499307
2012-10-31 00:00:00,1.021481966,0.159327705,,0.675010348,,-0.334231991,0.821286891,0.196757258,-0.225900363,-0.080635964,0.751432458,0.021481815,,-0.232914925,-0.042136996,-0.56150921,-0.48662476,0.060897097,0.051338261,-3.760349279,-1.650670854,-1.563565018,-1.148811255,-0.700022015,-1.125649894,-3.494126282,-2.84360232,-0.219285939,-0.527206536
2013-01-31 00:00:00,0.965716677,0.237750486,,0.535904815,,-0.007136027,0.640190495,0.100232034,-0.059477647,0.290301698,0.69765625,0.266406954,,-0.549125478,0.251848022,-0.391512458,-0.412967153,0.266016927,0.069571553,-3.277056026,-1.561566694,-1.681215851,-1.294344536,-0.610667595,-1.110065981,-3.260446608,-2.11275779,0.090322507,-0.672734172
2013-04-30 00:00:00,1.023165126,0.076520306,,0.429425224,,0.279193171,0.520459457,0.227880629,0.086386179,0.533033658,0.598691439,0.312764034,,-0.351150619,0.067144211,-0.413151556,-0.24995889,0.348207865,0.197223413,-2.813554081,-1.185127306,-1.484964289,-0.988651826,-0.406185648,-0.820000462,-3.035614501,-2.492126924,0.239222079,-0.307375883
2013-07-31 00:00:00,1.024176778,0.346139525,,0.356166679,,0.843954486,0.59017233,0.402875488,0.176755641,0.978110388,0.504992681,0.380586624,,-0.547395217,0.265170179,-0.30845972,0.217407987,0.429947204,0.528000541,-1.849579321,-0.242693798,-0.853772508,-0.887930294,-0.277568497,-0.374182364,-2.517376928,-2.623043465,0.331235285,-0.377208074
2013-10-31 00:00:00,0.999454199,0.399348115,,0.289096357,0.539664674,0.723235592,0.702906895,0.304376018,0.247010994,0.532533129,0.39942505,0.510769042,,-0.028082046,0.376564491,-0.204236417,0.873586339,0.636440646,0.630682764,-1.452102967,-0.050564954,-0.447469283,-0.238663281,-0.315220527,-0.347421386,-2.086852968,-2.264931452,0.503162621,-0.613618039
2014-01-31 00:00:00,0.852122185,0.459919439,,0.182194587,1.084032636,0.880314619,0.956223047,0.594289635,0.294166725,0.722339504,0.330960206,0.848495538,0.712826185,0.21188376,-0.036542819,-0.33767062,0.798752695,0.832923652,0.54320436,-1.028870441,0.498778351,-0.175605069,0.304195822,-0.211499627,-0.262118181,-1.548041318,-1.546526581,0.474561378,-0.347963304
2014-04-30 00:00:00,0.700240388,1.380889114,,0.163184644,1.267121247,0.872361586,1.018109633,0.389739591,0.310142967,0.765324353,0.35003226,0.936660441,0.688507773,0.357750563,-0.374633962,-0.386001074,0.540193703,0.867301593,0.687885248,-0.507411466,0.912423816,-0.220302036,0.380986393,-0.084724622,0.012532773,-1.205695739,-1.044629349,0.445056939,-0.290986619
2014-07-31 00:00:00,0.529990011,-0.094097838,,0.153460228,1.3803359,0.731988804,0.969477192,0.28201607,0.272903621,0.753827046,0.333933625,0.917460214,0.820199544,0.569531094,-0.392108945,-0.384258657,0.368021751,0.684385359,0.952484371,-0.216196252,0.937863868,0.244057947,0.185632383,-0.09187305,0.031486741,-0.874847107,-0.295619268,0.304628604,-0.233404039
2014-10-31 00:00:00,0.389023204,0.058238293,,0.138100585,1.425050433,0.66409291,0.813889564,0.097559579,0.221902804,0.479934634,0.411624459,0.839676905,0.893699498,0.658804402,-0.440048014,-0.274644396,-0.074358553,0.602062705,0.861844777,-0.148516682,0.845963561,0.473789898,0.097100249,0.01787669,0.165856129,-0.589512084,0.038938117,-0.038768823,0.234103962
2015-01-31 00:00:00,0.326388126,-0.332693693,-1.994717189,0.10556934,1.442978072,0.590816677,0.556101425,0.200736763,0.23371283,0.219868697,0.443805352,0.761671681,0.98990811,-0.013585362,-0.278351268,-0.229452552,0.233953429,0.863406555,1.039266561,0.8023843,1.188388169,0.897295264,0.248912631,0.290553782,0.18975322,-0.17097242,0.330313272,0.020215594,0.582192369
2015-04-30 00:00:00,0.272334963,-0.33018153,-2.205917157,0.085758543,1.440918381,0.588788585,0.420128145,0.382725873,0.355077978,0.069027724,0.437030409,0.688322284,0.891465943,0.417429693,-0.248946556,-0.182843817,0.419786236,0.934570962,1.040508457,1.114928137,1.283468483,1.104466103,0.480037011,0.301617947,0.399257319,-0.063768567,0.829254414,0.085584485,0.487262588
2015-07-31 00:00:00,0.202364102,-0.289881918,-2.017925386,-0.045460169,1.311305845,0.606244221,0.416912922,0.481270707,0.152331693,0.302803206,0.332517732,0.69156964,0.745024073,0.029088652,-0.361338148,-0.273127778,0.204110291,0.692551767,0.687885248,1.120798918,1.340181735,1.331413196,0.549696089,0.165536247,0.230434724,0.023734299,0.806034722,-0.030098131,0.308203759
2015-10-31 00:00:00,0.039265493,-0.240115078,-1.629819941,-0.117054862,1.264443102,0.619025836,0.377348076,0.887274358,0.129367649,0.349641114,0.087861695,0.694782759,0.444940522,0.064029869,-0.135979177,-0.307468085,0.209868172,0.491947923,0.536787897,1.556817328,1.35318401,1.641059276,0.504028184,0.257530637,0.47715807,-0.009064928,0.654372872,-0.342820725,0.28679046
2016-01-31 00:00:00,-0.049380027,0.173667484,-1.295511463,-0.145890887,0.790069733,0.579123022,0.2103654,1.907869855,-0.034211354,0.618478538,0.366425631,0.58021925,0.000345982,-0.184670313,-0.155326411,-0.059427576,0.157953155,0.575794722,0.383601902,1.230443285,1.331112131,1.521065775,0.279508434,0.210564387,0.638566922,0.130725525,0.3213942,-0.130992776,0.331329368
2016-04-30 00:00:00,-0.180528391,0.336778777,-1.305012768,-0.151765406,0.615017039,0.726080872,0.08205547,2.162233478,-0.1322913,0.712621133,0.429061286,0.479762795,-0.268978315,-0.103033083,-0.103748211,0.046671743,0.012444335,0.682842398,0.368736783,0.764318305,0.929791544,1.305446279,0.274089251,0.186911912,0.840788994,0.131722805,0.341509153,-0.081480639,0.363844465
2016-07-31 00:00:00,-0.254101385,0.255701356,-1.123495648,-0.212420539,0.502175645,0.648709126,0.045377386,2.181065732,-0.019761702,0.809464293,0.48904551,0.360502924,-0.150507881,-0.16770948,-0.044244456,0.044394933,0.180928231,0.69364313,0.293903138,0.807859932,0.487243771,1.290769326,0.386123327,0.147190056,0.90807718,0.190374168,0.767818193,-0.01926541,0.251678672
2016-10-31 00:00:00,-0.328140469,0.136826002,-0.780618111,-0.280490425,0.409751549,0.768832072,0.055913466,1.638580308,0.136793414,0.873890216,0.223554035,0.117966562,-0.040284009,-0.183312068,-0.109336743,0.092810062,0.237585034,0.731144627,0.179629885,1.196498127,0.659302823,1.212266443,0.701132139,0.212728297,0.843423319,0.413313324,1.100420533,0.24392623,0.456478619
2017-01-31 00:00:00,-0.548841302,-0.121792867,0.054006473,-0.431101531,0.38025078,0.918260425,0.023817377,0.310931718,0.465033926,0.532171522,0.076701185,-0.0710814,0.143927976,-0.101296029,-0.170733449,0.333098129,0.40706621,0.76373499,0.502711022,1.216180297,0.505796946,1.181614191,0.815631191,0.272621556,0.84319752,0.695073192,1.462019263,0.278435887,0.720230995
2017-04-30 00:00:00,-0.470700568,-0.236159621,0.475008117,-0.521761761,0.344984381,1.026813799,0.045948197,-0.11897543,0.589367787,0.471923214,-0.019357451,-0.188720986,0.927239161,-0.098789973,-0.23826625,0.494506982,0.493735501,0.973239088,0.632827857,1.514668129,0.392031742,1.40664199,0.804642293,0.412974625,0.892177147,1.011681416,1.706428167,0.331555168,0.636854611
2017-07-31 00:00:00,-0.502852365,0.058685493,0.601710928,-0.574347516,0.286603683,1.063113027,0.177439683,-0.176195929,0.595392146,0.711337081,-0.082938947,-0.162814027,0.152953601,0.004906861,-0.29171294,0.542432879,0.717446137,1.019509124,0.741569027,1.729798393,0.250436776,1.692372162,0.857516957,0.491326975,1.038570347,1.198492687,2.009563701,0.180758882,0.619430433
2017-10-31 00:00:00,-0.399883881,-0.097166207,0.644335381,-0.606821139,0.250963204,0.78161008,0.116959193,-0.243797709,0.559513281,0.538015706,-0.193809433,-0.112276278,0.228447721,0.094225846,-0.024336486,0.773820691,0.860226549,1.030084057,0.853320854,1.613511764,0.266073377,1.662529024,0.871761129,0.586708354,1.2257015,1.155365024,2.261499247,0.310574651,0.745106549
2018-01-31 00:00:00,-0.311022074,0.001538917,0.236885029,-0.599524173,0.177138262,0.876469264,0.028471381,-0.188488924,0.351200351,0.403710411,-0.188766233,0.026564053,-0.003547546,-0.119250817,0.105341922,0.881075349,0.738276121,1.089299918,0.796569968,1.331921245,0.377260705,1.706221185,0.811472721,0.596925772,1.30217219,1.140669255,2.328900333,0.269968414,0.805752472
2018-04-30 00:00:00,-0.344819971,-0.025588643,0.231024743,-0.596780571,0.10494646,0.691495838,-0.015819883,-0.14686734,0.381624682,0.140302553,-0.244005837,0.031875348,-0.002439392,-0.20049697,0.061574495,0.73234889,0.44477469,0.974255185,0.715526843,1.365471254,0.516654128,1.662848906,0.763151675,0.601027792,1.503810947,1.115511451,2.41453471,0.046013162,0.802591283
2018-07-31 00:00:00,-0.241691475,-0.069476893,0.350419865,-0.588549103,0.059853517,0.596254716,-0.094805462,-0.108839113,0.167310416,0.046054355,-0.523959941,-0.014702935,-0.035687701,-0.176629937,0.097269598,0.628631754,0.29427947,0.870519233,0.689654009,1.313349254,0.535414284,1.612721466,0.682390799,0.59222162,1.395257943,1.021127352,2.039369206,0.052166192,0.767328962
2018-10-31 00:00:00,-0.479877807,-0.161701836,0.446286094,-0.51379294,-0.024668045,0.487299817,-0.171754376,-0.318285054,0.058899198,0.02150172,-0.207684447,-0.088729651,-0.115217961,-0.139636591,0.059881001,0.562792447,0.187175345,0.826017958,0.468351898,1.040960056,0.183035691,1.249598591,0.318421176,0.446449368,1.247077165,0.878309308,1.897228559,-0.128388557,0.718443417
2019-01-31 00:00:00,-0.444593066,-0.115598017,0.543795005,-0.530817288,-0.0999326,0.357746059,-0.154589351,-0.219858714,-0.061296159,0.166292354,-0.270026906,-0.1857798,-0.163320333,-0.137647016,-0.002684217,0.535546001,-0.036070522,0.820824574,0.370674893,1.207110693,-0.191862617,0.698874147,-0.090905877,0.428780574,1.414827214,0.577205968,1.926789448,-0.281109782,0.582305268
2019-04-30 00:00:00,-0.597896272,-0.199981024,0.480187817,-0.544840558,-0.222743231,0.229177866,-0.166606774,-0.252828518,-0.060654986,0.24578254,-0.16649438,-0.260977288,-0.272462884,-0.17330074,-0.07201024,0.477195703,0.066184564,0.705516409,0.487262588,1.356740349,-0.029614544,0.867941357,-0.057470649,0.44676925,1.524245782,0.64018515,1.877997987,-0.265956769,0.776643182
2019-07-31 00:00:00,-0.655016146,-0.090663656,0.488220897,-0.628292879,-0.373968424,0.243121155,-0.218908477,-0.075166706,-0.077254811,0.355556603,-0.32597066,-0.298387536,-0.375050547,-0.229633632,-0.212225948,0.353100182,-0.194931605,0.494130649,0.39763909,0.976870693,-0.011125346,0.415232618,0.004127395,0.269573265,1.58314176,0.769850387,1.69837466,-0.359695458,0.520304549
2019-10-31 00:00:00,-0.698654355,0.17047733,0.395187834,-0.899195934,-0.509426628,0.162575633,-0.582322435,0.0309535,0.087368348,0.422307618,-0.395399061,-0.308752921,-0.517387841,-0.333732079,-0.377834667,0.387591022,-0.173343312,0.519514252,0.410848348,0.356487172,0.17289354,0.382679888,0.032145322,0.345159574,1.273853197,0.786465451,1.33860114,-0.391920779,0.719327798
2020-01-31 00:00:00,-0.59982695,0.951067162,0.456960261,-0.934490595,-0.676789101,0.051045516,-1.860473575,0.07652641,-0.465977748,0.715814726,-0.408449443,-0.23010147,-1.052902614,-0.41400079,-0.598079285,0.122448099,-0.219342389,0.189591397,0.179072914,-0.258104599,0.097254545,0.330104407,-0.237105266,-0.015155863,0.605882476,0.02452836,0.524750913,-0.466566257,0.509786066
2020-04-30 00:00:00,-0.559522275,1.80300568,0.531658434,-0.755397936,-0.886685165,-0.337163829,-3.420715837,0.04332584,-0.400861098,0.66134758,-0.393374763,-0.149387424,-1.479368368,-0.470995228,-0.934102483,-0.652030259,-0.607128191,-0.593346908,-0.205256277,-2.280159731,-1.479012596,-1.003407809,-0.958481279,-1.23933795,-1.147155394,-1.725820617,-1.74838361,-0.67690205,-0.733225799
2020-07-31 00:00:00,-0.631287213,2.433503078,0.458823444,-2.23756848,-1.034459903,0.143197438,-2.682884211,0.075872191,-0.160033615,1.120026791,-0.25789836,-0.218114387,-3.805478776,-0.567438689,-0.732832532,-0.303358538,-0.366862704,-0.110877823,0.085960817,-2.164753719,-1.24887797,-0.64297759,-0.633386766,-0.93149262,-0.571700284,-1.335624408,-0.919105648,0.045109964,-0.702144528
2020-10-31 00:00:00,-0.718067899,1.563521054,0.445975479,-1.416596109,-1.115573163,0.198342758,-2.452682851,0.10326141,0.336499137,0.970816645,-0.457587181,-0.395399608,-1.495385169,-0.780744509,0.271567826,-0.479116934,0.148467703,-0.242230909,0.130104577,-1.850085488,-1.42325899,-0.007533256,-0.28968451,-0.730038266,-0.927452695,-1.311906075,-1.145542811,0.291419346,-0.482428657
2021-01-31 00:00:00,-1.230843423,0.60305378,0.321656974,-1.614920575,-1.240200974,0.593391641,-0.784209903,-0.231415045,1.456892439,-0.134633681,-0.75984672,-0.798493275,-1.294652647,-1.801022744,0.591036174,-0.17343175,0.575568923,-0.275143036,0.405805498,-1.035256798,-0.324837694,0.550787452,0.133642099,-0.41771082,-0.495863714,-0.930924359,-0.625519542,0.762982325,-0.366674538
2021-04-30 00:00:00,-1.660476899,-0.363301021,0.320419954,-1.681966416,-1.133899631,0.930510844,0.061339646,-0.287998957,1.763159576,-0.507758692,-1.060830827,-1.08940127,-0.497279432,-5.012574868,0.658587792,0.300827649,1.001877964,0.352498051,0.71770957,0.177089644,1.281417472,1.114250739,0.643045275,0.10075067,0.227838032,-0.121093359,0.001826124,1.269356028,-0.130686065
2021-07-31 00:00:00,-1.283844263,-0.934041137,0.405679355,-1.603546831,-1.17682518,1.033554902,0.331909714,0.061973445,1.809566542,-0.826193141,-1.404123949,-1.312070319,0.094512382,-2.260903806,0.28579318,0.514245602,0.949304365,0.70628789,0.830044712,0.613729001,1.176815956,1.100476983,0.486679273,0.027277466,0.440465687,0.165762046,0.015821916,1.194654099,-0.743847773
2021-10-31 00:00:00,-1.292349439,-1.400642262,0.599063542,-1.505436086,-1.149143395,0.763303557,0.305537932,-0.272306044,1.722670382,-1.135906355,-1.846590509,-1.501078223,0.501479065,-1.751226328,0.17833154,0.126717588,0.276968192,0.428159626,0.381870774,0.103612676,0.160152816,0.672041665,-0.233300548,-0.317192507,-0.055669899,-0.186437789,-0.546975263,0.601215958,-1.141467134
2022-01-31 00:00:00,-1.556862612,-1.742837745,1.020533897,-1.32921596,-1.341400432,0.580507951,0.128288126,-0.175361876,1.534268175,-1.87710844,-2.334326055,-1.797262771,0.879143947,-0.055980449,-0.091760151,-0.588497869,-0.479649444,-0.209781671,-0.522071484,-0.936334133,-1.490148264,-0.372357153,-0.878185173,-0.917182591,-0.508570569,-0.965183754,-0.904161499,-0.583447491,-1.496707733
2022-04-30 00:00:00,-1.477365819,-2.101706614,1.345822136,-1.161934452,-1.398035991,0.320246821,-0.077224991,0.104627925,1.355484315,-2.384173661,-2.720511375,-1.89921861,1.131517235,0.967902873,-0.686532389,-1.734146966,-1.078162424,-1.246228591,-1.849026113,-2.466726387,-3.43179251,-1.519379862,-1.551091489,-1.647419344,-0.769351802,-1.940728845,-1.774617723,-1.966308141,-1.958996007
2022-07-31 00:00:00,-1.757590284,-1.577928155,1.25558095,-1.004030494,-1.445903624,0.03604381,-0.241771116,0.315836591,1.193615597,-2.637421332,-2.917438881,-1.88050614,1.248263152,0.827668966,-1.143614109,-2.351164197,-1.433589307,-1.97648228,-2.197481443,-3.154063158,-4.197581359,-1.940222679,-1.955915729,-1.96737316,-1.208544573,-2.13908975,-2.625226191,-3.29318374,-2.061277436
2022-10-31 00:00:00,-1.837111443,-1.283659041,1.118138195,-0.930367821,-1.583855827,-0.144394739,-0.421917764,0.453646077,0.984051838,-2.510395354,-3.321100462,-1.71618417,1.292366764,0.779953619,-1.271644182,-2.164155351,-1.376050006,-1.881798997,-2.214886805,-2.433524484,-4.164304191,-1.581819008,-1.83893853,-1.784842667,-1.261754174,-2.527902938,-2.390793852,-3.730302921,-1.802223567